"Län","Kommun","VA_2016","VA_2017","VA_2018","VA_2019","VA_2020","VA_2021","VA_2022","VA_2023","VA_2024"
"Blekinge","Karlshamn",36.5,40.2,42.23,49.17,53.28,57.2,61.78,67.97,84.13
"Blekinge","Karlskrona",88.9,88.9,88.9,88.9,88.9,89.93,90.5,101.03,111.14
"Blekinge","Olofström",71.31,73.5,74.95,78.33,82.01,85.7,89.21,98.13,102.17
"Blekinge","Ronneby",61.77,64.3,64.25,64.25,68.71,68.71,68.71,77.91,98.55
"Blekinge","Sölvesborg",53.5,57.6,57.55,62.21,62.21,73.2,77.97,86.05,92.51
"Dalarna","Avesta",36.36,37.3,40.07,41.23,44.36,46.13,50.3,58.9,58.9
"Dalarna","Borlänge",43.63,43.6,45.81,46.71,48.95,50.73,52.41,55.17,63.45
"Dalarna","Falun",69.02,67.3,68.8,70.36,71.35,74.91,80.46,86.81,95.6
"Dalarna","Gagnef",82.03,82,83.67,83.18,80.69,79.08,79.08,83.04,99.66
"Dalarna","Hedemora",70.16,73.2,75.17,78.88,81,84.42,89.84,92.7,101.96
"Dalarna","Leksand",62.74,62.7,65.87,68.62,70.66,74.21,77.92,89.6,111.89
"Dalarna","Ludvika",65.2,65.2,65.2,67.81,71.21,82.3,86.42,96.8,105.52
"Dalarna","Malung-Sälen",95.1,95.9,95.9,95.9,97.1,101.38,101.61,111.78,118.48
"Dalarna","Mora",39.72,46.5,46.51,46.51,50.26,54.24,57.62,58.95,59.09
"Dalarna","Orsa",90.91,90.9,90.91,98.15,103.09,111.39,117.04,125.34,134.1
"Dalarna","Rättvik",75.17,75.2,76.67,78.41,78.41,81.14,85.2,93.72,125.35
"Dalarna","Smedjebacken",81.5,81.5,86.05,86.05,88.63,92.21,95.91,114.15,128.99
"Dalarna","Säter",68.93,68.9,68.93,75.83,75.83,87.33,87.33,96.07,110.59
"Dalarna","Vansbro",92.55,92.6,94.41,93.62,96.44,98.38,100.36,105.37,126.45
"Dalarna","Älvdalen",93.94,93.9,93.94,93.94,108.03,113.45,113.45,115.72,122.67
"Gävleborg","Bollnäs",58.31,58.3,59.16,60.03,60.66,63.68,66.88,66.88,74.95
"Gävleborg","Gävle",44.05,44,44.05,44.05,52.25,60,68.63,71.97,82.73
"Gävleborg","Hofors",91.18,91.2,92.56,92.56,92.56,92.56,92.56,96.41,106.06
"Gävleborg","Hudiksvall",51.83,52,52.23,52.85,54.6,57.45,59.25,62.05,66.58
"Gävleborg","Ljusdal",60.28,65.6,70.14,74.97,86.23,92.49,92.49,102.05,110.15
"Gävleborg","Nordanstig",102.7,102.7,108.5,119.5,130.17,135.37,138.3,144.67,162.06
"Gävleborg","Ockelbo",102.73,102.7,123.41,123.41,123.41,123.41,123.41,124.95,143.7
"Gävleborg","Ovanåker",61.93,61.9,61.93,63.79,67.64,69.01,72.43,76.78,89.61
"Gävleborg","Sandviken",86.51,87,88.87,90.95,92.26,92.62,94.94,105.22,112.05
"Gävleborg","Söderhamn",61.25,61.3,62.87,64.57,66.06,70.25,75.35,80.47,87.56
"Halland","Falkenberg",54.38,54.4,56,60,66.04,72.78,78.49,84.87,96.72
"Halland","Halmstad",35.9,37.2,38.43,38.43,38.43,38.43,38.43,45.68,60.72
"Halland","Hylte",84.2,84.2,84.23,84.28,84.28,86.79,88.89,96.11,110.28
"Halland","Kungsbacka",64.83,68.3,70.99,74.41,76.65,78.94,82.93,86.2,90.57
"Halland","Laholm",62.4,66,69.86,69.86,69.86,69.86,69.86,69.86,79.89
"Halland","Varberg",50.63,52.2,56.89,65.37,72.6,79.53,82.33,88.59,99.22
"Jämtland","Berg",92.94,92.9,93.92,95.83,87.14,87.14,79.5,79.5,96.21
"Jämtland","Bräcke",55.38,55.4,73.28,82.87,82.87,82.87,91.15,91.15,112.21
"Jämtland","Härjedalen",81,81.8,83.25,91.5,100.5,102.38,85.95,97.98,97.98
"Jämtland","Krokom",70.2,70.2,79.5,86.95,98.26,105.61,109.82,122.99,136.53
"Jämtland","Ragunda",57.98,67.6,67.55,77.66,77.66,83.92,88.08,88.08,108.55
"Jämtland","Strömsund",85.09,85.9,88.68,87.76,97.82,100.05,105.04,111.78,120.1
"Jämtland","Åre",88.02,89,80.13,80.13,89.01,97.93,107.73,118.5,144.31
"Jämtland","Östersund",38.2,39.6,41.15,44.83,49.34,53.47,59.67,65.67,74.26
"Jönköping","Aneby",76.77,76.8,80.65,86.22,89.49,92.19,92.19,110.63,130.55
"Jönköping","Eksjö",58.73,58.7,58.73,62.22,65.97,67.98,71.12,74.31,78.69
"Jönköping","Gislaved",57.44,59,51.38,52.06,53.14,54.81,57.41,57.41,67.76
"Jönköping","Gnosjö",48.5,48.5,48.5,49.75,50.83,51.37,55.69,64.18,67.04
"Jönköping","Habo",60.43,60.4,60.43,60.43,64.66,65.29,65.6,65.6,74.13
"Jönköping","Jönköping",51.4,48.4,50.39,52.94,55.08,58.25,60.22,62.36,75.36
"Jönköping","Mullsjö",43.95,44.7,45.58,53.08,57.45,57.8,67.15,79.27,81.64
"Jönköping","Nässjö",69.43,70.1,70.14,72.21,74.38,80.33,84.34,92.77,106.69
"Jönköping","Sävsjö",73.82,73.8,73.82,76.08,78.36,80.71,83.94,91.49,102.47
"Jönköping","Tranås",49.42,49.7,49.94,50.22,51.53,52.86,53.94,58.96,76.8
"Jönköping","Vaggeryd",56.96,58.1,59.9,60.98,60.98,62.45,64.64,70.22,77.59
"Jönköping","Vetlanda",61.25,63.6,63.57,65.51,68.79,72.31,75.92,81.24,96.67
"Jönköping","Värnamo",76.06,78.4,82.26,86.37,75.45,75.45,75.45,75.45,88.28
"Kalmar","Borgholm",85.89,90.4,90.05,90.05,82.35,86.05,86.05,92.93,105.01
"Kalmar","Emmaboda",71.89,71.9,71.89,76.19,89.67,94.58,113.33,125.21,142.08
"Gotland","Region Gotland",89.03,89.6,91.55,93.62,100.81,108.16,118.97,135.9,135.9
"Kalmar","Hultsfred",62.21,65.2,63.6,65.21,63.36,66.13,68.85,71.44,76.57
"Kalmar","Högsby",94.46,100.7,99.18,101.16,101.22,103.67,106.62,115.95,115.95
"Kalmar","Kalmar",68.78,70.9,70.85,60.26,63.88,67.06,67.74,80.61,103.18
"Kalmar","Mönsterås",69.01,69.8,72.89,76.53,78.93,81.4,85.5,98.23,107.55
"Kalmar","Mörbylånga",88.63,89.7,91.88,91.88,107.96,117.08,127.05,137.96,146.76
"Kalmar","Nybro",60.98,61,60.98,60.98,60.98,66.21,68.45,87.08,106.27
"Kalmar","Oskarshamn",68.15,68.4,68.4,69.77,71.16,72.6,72.79,75.7,87.06
"Kalmar","Torsås",85.17,85.2,99.4,99.4,99.4,99.4,99.4,132.63,132.63
"Kalmar","Vimmerby",64.14,64.1,66.46,68.71,71.43,72.1,75.88,82,93.75
"Kalmar","Västervik",71.94,71.9,74.83,74.83,77.82,77.82,77.82,81.61,97.35
"Kronoberg","Alvesta",70.96,73.6,77.25,80.95,84.38,87.44,89.69,97.99,108.04
"Kronoberg","Lessebo",93.25,94.3,94.28,94.28,94.28,94.28,94.28,94.28,109.41
"Kronoberg","Ljungby",64.98,66.4,67.03,67.03,67.03,67.03,67.03,67.03,67.03
"Kronoberg","Markaryd",53.38,53.8,56.67,59.86,63.41,66.82,70.48,77.53,84.07
"Kronoberg","Tingsryd",74.09,74.1,74.1,74.09,79.28,80.93,84.98,92.19,102.87
"Kronoberg","Uppvidinge",72.32,72.3,72.32,72.32,72.32,72.32,72.32,79.57,90.03
"Kronoberg","Växjö",66.4,66.4,67.64,67.86,67.86,68.66,68.66,68.66,60.85
"Kronoberg","Älmhult",84.98,85,84.98,84.98,84.98,84.98,107.72,107.72,110.15
"Norrbotten","Arjeplog",68.24,68.2,63.2,63.61,65.16,68.8,75.15,76.9,79.66
"Norrbotten","Arvidsjaur",59.26,61.8,65.55,65.55,62.3,64.78,67.37,70.07,72.87
"Norrbotten","Boden",47.84,49.3,54.93,59.06,64.96,68.21,72.99,80.81,101.09
"Norrbotten","Gällivare",73.63,74.4,75.88,76.64,77.4,79.71,82.1,87.02,89.63
"Norrbotten","Haparanda",68,70,69.98,69.98,73.49,77.17,79.48,84.44,90.78
"Norrbotten","Jokkmokk",77.65,77.2,77.3,77.14,77.1,78.18,79.33,81,85.16
"Norrbotten","Kalix",78.25,79.8,81.41,83.03,84.68,86.81,88.71,88.71,93.15
"Norrbotten","Kiruna",71.84,71.8,76.16,81.5,87.21,99.42,102.4,107.52,115.06
"Norrbotten","Luleå",57.22,61.8,69.21,72.68,73.7,75.89,79.68,87.65,105.18
"Norrbotten","Pajala",59.51,62.5,62.48,62.48,80.21,80.24,82,90.72,106.54
"Norrbotten","Piteå",45.53,48.3,51.13,54.07,56.24,58.49,61.54,68.31,81.98
"Norrbotten","Älvsbyn",53.97,54,57.73,61.79,64.86,68.78,72.93,77.31,81.95
"Norrbotten","Överkalix",66.3,68.4,70.9,72.32,72.32,71,73.08,73.08,89.64
"Norrbotten","Övertorneå",40.37,40.4,43.18,46.66,48.98,54.04,57.85,64.82,82.11
"Skåne","Bjuv",75.09,75.1,87.86,89.65,91.06,91.99,95.11,96.81,121.16
"Skåne","Bromölla",68.16,75.6,96.8,96.8,96.8,101.23,106.23,114.87,114.87
"Skåne","Burlöv",46.64,47.6,48.04,50.5,53.27,53.27,53.27,58.48,67.15
"Skåne","Båstad",51.34,51.3,51.34,52.07,53.29,57.44,71.5,83.18,106.63
"Skåne","Eslöv",64.53,65.7,68.23,71.45,75.3,77.52,81.54,86.97,111.32
"Skåne","Helsingborg",38.87,39.1,40.56,40.56,44.75,47.07,51.83,60.3,74.27
"Skåne","Hässleholm",51.28,53,55.39,57.45,59.29,60.49,62.24,67.52,91.58
"Skåne","Höganäs",47.47,47.5,48.18,48.18,49.22,50.23,52.24,55.37,56.07
"Skåne","Hörby",69.61,69.6,69.61,72.29,81.55,81.55,81.55,88.04,92.76
"Skåne","Höör",50.78,50.8,50.78,57.32,58.37,72.87,72.87,86.13,102.07
"Skåne","Klippan",49.3,49.3,49.3,50.79,50.79,57.19,57.19,67.31,67.31
"Skåne","Kristianstad",38.38,41.5,43.15,44.86,48.47,54.23,58.03,63.83,74.04
"Skåne","Kävlinge",44.38,48.4,49.8,51.32,51.32,53.15,54.93,54.93,71.72
"Skåne","Landskrona",47.75,47.7,54.08,57.3,62.05,64.36,65.02,65.02,82.21
"Skåne","Lomma",61.1,61.1,61.1,65.7,71.77,73.6,78.66,82.52,101.97
"Skåne","Lund",38.66,40.4,44.51,45.15,46.35,47.37,49.69,56.48,64.81
"Skåne","Malmö",39.82,39.8,40.83,42.67,46.33,47.73,50.9,63.41,70.68
"Skåne","Osby",74.56,74.6,74.56,83.26,91.39,94.71,96.63,96.28,109.96
"Skåne","Perstorp",72.49,73.1,73.13,74.73,87.04,92.02,104.14,119.5,158.15
"Skåne","Simrishamn",57.98,58,57.98,57.98,57.98,60.88,63.91,68.37,82.72
"Skåne","Sjöbo",55.51,56,56.88,58.88,62.71,64.59,73.92,76.87,78.48
"Skåne","Skurup",58.89,58.9,77.1,58.8,58.8,64.81,71.28,91.26,114.86
"Skåne","Staffanstorp",46.78,49.1,49.12,50.59,50.59,50.59,49.2,49.2,53.49
"Skåne","Svalöv",84.89,85.4,87.44,92.76,98.32,108.09,117.95,127.17,148.8
"Skåne","Svedala",53.18,53.2,55.3,60.83,68.14,73.61,77.32,77.32,94.36
"Skåne","Tomelilla",73.15,73.2,73.15,83.73,93.79,96.61,96.61,94.05,102.52
"Skåne","Trelleborg",53.6,53.6,53.6,53.6,53.6,53.6,56.31,60.26,85.11
"Skåne","Vellinge",69.48,71,72.51,74.5,76,76.98,80.58,88.84,100.45
"Skåne","Ystad",64.06,66,69.94,72.55,75.59,80.84,88.82,99.53,111.49
"Skåne","Åstorp",58.29,58.3,63.8,67.7,69.11,69.97,69.15,74.38,107.31
"Skåne","Ängelholm",49.62,49.6,49.62,50.37,50.37,58.26,58.26,58.26,72.01
"Skåne","Örkelljunga",70.33,70.4,72.02,73.44,73.44,76.05,88.86,101.14,119.64
"Skåne","Östra Göinge",84.88,88.1,91.2,95.47,99.32,102.39,105.44,110.63,120.16
"Stockholm","Botkyrka",36.07,36.8,37.51,38.66,41.17,41.53,45.22,48.84,48.84
"Stockholm","Danderyd",34.43,34.4,35.13,37.23,40.57,42.2,42.2,44.3,72.33
"Stockholm","Ekerö",58.6,72.6,74.79,74.79,74.79,78.53,82.46,94.84,116.64
"Stockholm","Haninge",49.24,51.7,57.88,64.23,68.73,78.45,84.65,92.26,112.54
"Stockholm","Huddinge",25.63,27,28.32,28.74,30.17,32.29,34.56,43.21,54.01
"Stockholm","Järfälla",46.76,46.8,46.76,46.75,46.75,60.28,57.82,60.88,73.22
"Stockholm","Lidingö",31.84,31.8,31.84,37.64,43.28,47.61,47.61,47.61,53.34
"Stockholm","Nacka",70.79,70.8,70.79,70.79,70.79,83.53,91.89,110.27,135.63
"Stockholm","Norrtälje",104.59,115.1,115.09,118.79,125.2,131.43,135.36,143.48,186.52
"Stockholm","Nykvarn",65.15,65.2,65.15,65.15,65.15,65.15,65.15,75.58,86.92
"Stockholm","Nynäshamn",90.02,90,90.02,90.02,94.33,102.34,107.25,114.25,124.58
"Stockholm","Salem",52.53,52.5,61.4,65.4,65.4,65.4,65.4,65.4,73.88
"Stockholm","Sigtuna",36.6,40.1,40.72,41.8,44.26,49.1,51.31,55.72,61.15
"Stockholm","Sollentuna",38.76,43.4,46.02,50.59,55.68,55.68,55.68,55.68,71.32
"Stockholm","Solna",24.67,24.7,24.67,24.67,24.67,24.67,24.67,28.36,42.49
"Stockholm","Stockholm",25.63,27,28.32,28.74,30.17,32.29,34.55,43.21,54.01
"Stockholm","Sundbyberg",34.03,35.4,44.63,44.63,44.63,46.88,54.29,62.05,76.19
"Stockholm","Södertälje",58.83,55.7,46.96,47.9,49.36,49.34,56.68,70.76,84.27
"Stockholm","Tyresö",63.63,65.2,71.01,76.28,76.28,83.9,90.62,90.62,110.62
"Stockholm","Täby",46.73,45.3,45.31,47.57,49,49.96,49.96,56.45,70.01
"Stockholm","Upplands-Bro",53.52,53.5,53.52,53.52,53.52,56.63,60.61,69.68,80.74
"Stockholm","Upplands Väsby",45.89,45.9,46.78,45.89,49.71,49.71,54.97,57.09,65.73
"Stockholm","Vallentuna",74.59,78.4,78.41,78.41,78.41,83.04,83.04,87.12,113.75
"Stockholm","Vaxholm",95.77,105.4,108.56,116.65,108.56,117.28,123.12,129.33,180.18
"Stockholm","Värmdö",84.74,84.7,88.02,88.02,88.13,100.47,104.58,111.89,134.31
"Stockholm","Österåker",81.29,95.9,100.71,100.71,100.71,108.32,112.69,122.87,159.13
"Södermanland","Eskilstuna",52.44,48.8,48.84,48.84,51.28,51.28,54.37,62.51,62.51
"Södermanland","Flen",86.55,86.6,104.2,104.2,104.2,107,107,123.07,141.01
"Södermanland","Gnesta",68.76,71.3,77.14,89.66,89.64,98.03,98.03,98.03,144.04
"Södermanland","Katrineholm",73.7,73.7,73.7,73.7,73.7,78.7,78.7,87.02,99.95
"Södermanland","Nyköping",61.6,67.8,69.79,71.19,75.47,78.5,82.41,98.88,114.71
"Södermanland","Oxelösund",57.64,59.4,63.52,62.98,63.64,65.53,67.97,74.78,83.77
"Södermanland","Strängnäs",74.52,78.3,83.03,83.39,83.39,85.27,85.27,91.23,111.3
"Södermanland","Trosa",55.74,62.4,67.99,71.84,77.22,91.69,91.69,105.45,151.61
"Södermanland","Vingåker",86.01,86,88.96,92.44,107.18,106.75,106.75,122.64,122.64
"Uppsala","Enköping",52.54,58.9,62.99,69.27,78.29,81.4,83.86,88.05,94.21
"Uppsala","Heby",71.02,71,71.02,69.68,69.68,69.68,69.68,69.68,107.2
"Uppsala","Håbo",73.98,84.3,87.96,87.96,90.8,90.8,90.8,90.8,140.5
"Uppsala","Knivsta",66.92,77.3,79.85,79.85,79.83,79.83,79.83,83.83,109.54
"Uppsala","Tierp",73.96,66.3,67.86,67.86,73.49,78.99,84.95,103.39,117.18
"Uppsala","Uppsala",44.87,44.9,44.87,53.9,60.6,57.39,60.83,60.83,77.86
"Uppsala","Älvkarleby",86.93,86.9,86.93,86.93,86.93,86.93,86.93,86.93,86.93
"Uppsala","Östhammar",74.07,88.9,88.9,112.72,112.72,112.72,112.72,118.26,126.55
"Värmland","Arvika",63.77,63.8,62.13,62.13,62.15,73.14,74.6,76.09,97.18
"Värmland","Eda",84.95,87.1,87.08,87.08,87.2,87.2,88.93,98.49,104.89
"Värmland","Filipstad",76.82,77.5,78.77,79.79,81.84,81.84,84.41,102.98,102.98
"Värmland","Forshaga",67.96,72.7,72.72,72.72,77.06,77.06,90.17,107.75,115.23
"Värmland","Grums",72.67,75.1,75.15,78.44,79.43,82.23,84.31,96.9,105.17
"Värmland","Hagfors",62.29,63,62.96,62.96,65.46,65.46,65.9,69.18,72.63
"Värmland","Hammarö",93.89,93.9,93.89,93.89,96.69,96.7,105.6,123.55,138.35
"Värmland","Karlstad",51.2,51.2,52.22,52.22,53.26,54.71,56.4,64.29,78.56
"Värmland","Kil",91.65,94.4,94.4,100.06,103.99,105.12,105.43,105.43,117.56
"Värmland","Kristinehamn",55.03,55,55,55,57.99,58.23,59.88,65.53,72.99
"Värmland","Munkfors",83.3,83.3,83.3,83.3,83.3,83.3,83.3,83.63,89.04
"Värmland","Storfors",89.69,89.7,91.2,91.2,93.58,93.58,93.58,93.58,108.75
"Värmland","Sunne",75.81,77.3,78.87,80.46,82.28,83.94,87.29,94.73,98.53
"Värmland","Säffle",66.39,66.4,66.39,66.39,66.39,66.44,66.44,66.44,76.4
"Värmland","Torsby",89.37,90.8,93.2,95.6,98.17,102.64,108.38,115.17,124.39
"Värmland","Årjäng",98.75,103,104.85,104.85,104.85,104.85,107.47,110.2,115.71
"Västerbotten","Bjurholm",66.93,66.9,70.68,74.21,75.26,75.26,84.99,84.99,98.87
"Västerbotten","Dorotea",91.25,91.3,91.26,97.61,102.47,102.47,102.72,102.72,112.81
"Västerbotten","Lycksele",51.59,51.6,51.59,52.17,56.33,59.72,63.32,67.13,75.17
"Västerbotten","Malå",71.47,71.5,71.47,70.01,73.68,76.45,76.45,84.1,84.1
"Västerbotten","Nordmaling",57.37,58.5,59,61.36,59.23,59.23,68.98,92.44,106.6
"Västerbotten","Norsjö",88.75,91.4,93.47,95.93,95.93,95.93,95.93,101.85,107.32
"Västerbotten","Robertsfors",60.1,57.8,62.18,62.18,63.61,73.6,75.04,82.35,98.9
"Västerbotten","Skellefteå",64.91,64.9,64.91,64.59,73.65,73.65,74.32,87.76,101.57
"Västerbotten","Sorsele",47.69,47.7,57.27,51.06,51.06,51.06,55.17,55.17,55.17
"Västerbotten","Storuman",79.85,79.9,79.87,79.87,89.42,94.82,94.82,106.2,116.86
"Västerbotten","Umeå",56.4,58.7,61.49,66.72,70.16,74.59,78.89,84.19,92.65
"Västerbotten","Vilhelmina",79.93,82.7,82.73,84.51,91.7,96.29,98.22,103.13,107.26
"Västerbotten","Vindeln",70.53,70.5,73.89,71.02,84.63,89.41,95.48,102.06,103.75
"Västerbotten","Vännäs",47,46.4,49.89,51.27,52.86,54.36,55.91,57.73,63.5
"Västerbotten","Åsele",81.95,84,83.95,85.7,94.65,108.1,111.43,116.38,116.38
"Västernorrland","Härnösand",64.44,65.2,66.57,67.4,67.5,70.14,72.09,75.17,87.08
"Västernorrland","Kramfors",93.61,93.6,95.34,99.06,99.15,106.72,110.52,115.98,119.47
"Västernorrland","Sollefteå",93.81,97.6,97.56,97.56,98.53,101.17,103.23,110.26,120.94
"Västernorrland","Sundsvall",74.65,74.7,74.65,75.19,77.4,75.96,78.66,83.8,105.58
"Västernorrland","Timrå",77.05,77.1,77.05,77.93,81.42,84.67,86.7,92.34,107.12
"Västernorrland","Ånge",79.01,79,79.19,79.19,79.01,79.01,87.41,94.41,106.68
"Västernorrland","Örnsköldsvik",84.3,85.7,85.74,86.8,92,100.23,108.67,117.86,138.44
"Västmanland","Arboga",59.19,59.2,59.19,50.25,50.25,51.88,57.36,65.84,81.05
"Västmanland","Fagersta",59.32,61.3,63.05,63.05,63.05,63.05,38.92,38.92,42.81
"Västmanland","Hallstahammar",50.11,50.6,51.63,52.74,53.51,54.8,57.86,71.17,82.56
"Västmanland","Kungsör",56.36,56.4,56.36,56.36,56.36,56.36,57.94,63.74,95.34
"Västmanland","Köping",58.19,61.9,61.94,61.94,65.21,70.37,70.37,70.37,91.97
"Västmanland","Norberg",92.15,96.1,97.93,97.93,92.59,92.59,59.1,59.1,75.13
"Västmanland","Sala",52.5,52.5,45.97,45.97,56,59.46,59.46,59.46,59.46
"Västmanland","Skinnskatteberg",96.17,96.2,96.18,96.18,100.97,100.97,100.97,121.88,151.72
"Västmanland","Surahammar",45.61,45.8,45.78,45.78,45.78,53.89,59.29,74.11,83.01
"Västmanland","Västerås",27.01,27.9,31.72,32.94,35.94,39,41.93,45.07,51.84
"Västra Götaland","Ale",61.06,61.1,61.06,61.06,63.05,67.2,72.07,83.73,90.43
"Västra Götaland","Alingsås",54.67,54.7,54.67,59.59,73.63,78.78,86.4,98.5,114.25
"Västra Götaland","Bengtsfors",78.98,84.5,90.39,90.39,93.1,98.03,99.98,99.98,114.55
"Västra Götaland","Bollebygd",89.9,93.9,98.64,108.52,119.38,131.32,131.32,131.32,131.32
"Västra Götaland","Borås",57.52,60.4,62.77,69.15,73.38,78.51,81.6,84.86,98.65
"Västra Götaland","Dals-Ed",68.09,69.5,72.24,75.14,78.14,81.26,82.9,87.04,94.01
"Västra Götaland","Essunga",65.87,65.9,65.87,66.8,68.52,75.61,75.61,76.01,88.68
"Västra Götaland","Falköping",55.86,56.7,56.72,58.55,61.07,63.55,66.68,73.5,84.48
"Västra Götaland","Färgelanda",100.75,90.5,92.3,95.06,102.23,105.73,108.42,122.51,132.3
"Västra Götaland","Grästorp",62.69,63.9,65.24,66.52,69.86,73.34,74.25,82.2,90.44
"Västra Götaland","Gullspång",68.77,70.8,71.95,74.1,76.32,78.6,80.97,83.38,99.14
"Västra Götaland","Göteborg",49.22,45.7,45.66,48.73,50.31,53.86,60.31,64.9,73.75
"Västra Götaland","Götene",45.98,46,45.98,46.48,48.81,48.81,55.85,55.85,67.04
"Västra Götaland","Herrljunga",55.36,59.6,59.89,61.27,63.82,64.39,69.56,96.08,102.31
"Västra Götaland","Hjo",57.39,57.4,58.71,60.35,63.5,69.2,73.96,77.05,83.97
"Västra Götaland","Härryda",67.61,70.5,70.46,74.7,79.17,84.32,92.24,103.33,125.59
"Västra Götaland","Karlsborg",60.3,60.3,57.9,57.9,59,61.1,64.6,69.85,76.64
"Västra Götaland","Kungälv",67.06,70.4,70.41,80.61,85.63,97.23,99.25,109.49,121.18
"Västra Götaland","Lerum",77.54,77.5,79.84,82.91,83.78,77.11,77.11,77.11,88.68
"Västra Götaland","Lidköping",36.37,39.7,44.71,59.72,61.48,69.6,69.6,69.6,69.6
"Västra Götaland","Lilla Edet",76.92,76.9,81.69,86.47,95.39,93.27,96.07,103.76,116.21
"Västra Götaland","Lysekil",89.23,93.7,95.47,95.47,101.19,107.86,112.14,122.64,145.44
"Västra Götaland","Mariestad",54.34,56.5,58.32,60.98,63.42,65.96,67.9,76.05,90.5
"Västra Götaland","Mark",72.75,75.7,79.48,83.46,87.64,92.03,96.52,101.35,108.56
"Västra Götaland","Mellerud",67.17,67.2,74.83,74.83,76.32,76.32,80.52,95.81,107.79
"Västra Götaland","Munkedal",96.52,99,98.97,102.74,106.49,110.8,115.25,127.15,151.36
"Västra Götaland","Mölndal",49.78,53.7,53.7,53.7,55.87,59.27,61.28,61.28,70.21
"Västra Götaland","Orust",73.52,73.5,73.52,73.52,81.02,89.12,90.73,95.27,110.84
"Västra Götaland","Partille",51.85,51.9,63.29,63.29,73.81,73.81,77.76,86.15,87.94
"Västra Götaland","Skara",52.84,51.9,51.9,51.9,53.57,54.18,56.02,60.22,64.21
"Västra Götaland","Skövde",48.97,50,51.95,54.05,57.84,60.16,64.97,70.17,80.71
"Västra Götaland","Sotenäs",79.46,79.5,81.27,84.39,88.67,96.71,103.58,113.42,127.09
"Västra Götaland","Stenungsund",53.39,58.7,58.74,59.92,59.95,68.42,76.62,85.61,98.36
"Västra Götaland","Strömstad",99.72,112.7,118.33,118.33,118.33,118.33,118.33,127.8,144.41
"Västra Götaland","Svenljunga",76.14,76.9,76.91,83.05,86.38,89.83,92.51,97.15,97.15
"Västra Götaland","Tanum",132.95,133,102.3,102.3,102.3,102.3,106.41,120.24,128.66
"Västra Götaland","Tibro",40.82,40.8,40.82,42.08,43.34,45.54,51.3,59.85,65.93
"Västra Götaland","Tidaholm",56.38,56.4,59.25,59.25,59.25,61.62,65.94,72.4,72.4
"Västra Götaland","Tjörn",115.7,115.7,115.7,117.68,122.26,153.72,158.03,165.93,176.71
"Västra Götaland","Tranemo",76.22,73.8,73.83,73.83,73.83,85.81,87.97,96.8,103
"Västra Götaland","Trollhättan",52.71,57.7,57.67,57.47,60.3,64.81,69.02,75.09,89.37
"Västra Götaland","Töreboda",61.55,63.4,64.39,68.87,70.94,73.42,74.18,76.35,90.86
"Västra Götaland","Uddevalla",83.25,72.2,73.58,75.07,78.04,81.84,85.96,93.28,108.85
"Västra Götaland","Ulricehamn",68.05,70.6,72.5,74.72,76.85,79.2,81.9,87.48,102.35
"Västra Götaland","Vara",58.1,59.3,60.11,62.9,62.59,62.59,62.59,63.79,68.92
"Västra Götaland","Vårgårda",66.98,71.6,72.8,63.59,65.11,72.56,72.81,74.04,81.46
"Västra Götaland","Vänersborg",47.02,47,49.37,50.36,55.4,60.95,65.83,68.47,82.16
"Västra Götaland","Åmål",64.24,58.1,58.06,58.06,65.52,65.52,65.52,76.67,86.15
"Västra Götaland","Öckerö",85.45,88.1,91.56,94.27,98.02,91.86,97.38,100.32,107.34
"Örebro","Askersund",80.58,80.6,80.58,88.81,76.23,100.43,100.43,107.55,115.12
"Örebro","Degerfors",54.44,54.4,54.44,60.15,60.15,66.12,65.4,78.7,82
"Örebro","Hallsberg",69.18,69.2,69.18,69.18,69.18,71.18,76.16,76.16,74.61
"Örebro","Hällefors",66.98,67.7,68.64,70.22,70.81,76.32,76.32,86.38,93.84
"Örebro","Karlskoga",40.93,47.2,48.19,52.95,50.42,52.08,52.63,57.63,70.63
"Örebro","Kumla",55.53,55.5,55.53,60.78,62.15,62.41,66.75,72,87.48
"Örebro","Laxå",60.02,60,62.53,66.3,70.27,80.78,92.9,91.02,91.02
"Örebro","Lekeberg",83.88,95,96.51,101.18,101.52,101.52,111.9,106.47,106.96
"Örebro","Lindesberg",49.69,51.6,54.71,58.36,64.77,78.12,81.82,93.54,106.51
"Örebro","Ljusnarsberg",59.26,59.6,62.38,67.76,68.12,78.18,84.15,87.91,100
"Örebro","Nora",55.4,59,58.97,62.42,69.03,87.15,100.62,109.89,138.91
"Örebro","Örebro",33.61,35.8,35.75,37.58,43.58,50.11,56.63,57.94,57.94
"Östergötland","Boxholm",67.52,67.5,67.52,67.52,67.52,71.41,75.44,83.8,108.11
"Östergötland","Finspång",73.19,76.8,82.62,86.43,92.48,100.81,105.77,105.77,105.77
"Östergötland","Kinda",53.69,55.3,57.23,59.3,63.76,68.29,70.39,72.5,74.72
"Östergötland","Linköping",44.55,44.6,44.55,44.55,45.45,46.36,46.36,49.18,56.06
"Östergötland","Mjölby",48.27,48.3,48.27,50.92,50.92,50.92,50.92,57.54,57.54
"Östergötland","Motala",41.44,38.6,41.44,40.7,40.96,45.58,40.08,44.04,48.43
"Östergötland","Norrköping",50.73,50.7,53.77,56.99,60.41,64.04,67.89,71.95,76.27
"Östergötland","Söderköping",69.5,71.8,71.75,74.75,76.99,81.33,91.33,91.33,113.29
"Östergötland","Vadstena",55.15,49.5,49.49,50.4,52.57,52.57,51.94,55.66,65.48
"Östergötland","Valdemarsvik",74.17,74.2,76.71,76.71,76.71,76.71,76.71,76.71,76.71
"Östergötland","Ydre",57.75,60.6,69.83,80.55,85.83,85.83,85.83,85.83,87.97
"Östergötland","Åtvidaberg",72.14,72.1,72.14,72.14,72.14,71.48,80.5,80.5,96.34
"Östergötland","Ödeshög",75.61,83.2,83.65,86.49,93.45,100.93,100.93,100.93,100.93
